organisation_id,organisation_name,organisation_ror
6A0ADEFA-BD5A-4A24-8D4A-9BE2FAB01DBB,3D Mine Surveying International,https://ror.org/02qv8f649
B6FE8555-40DF-41B3-BD67-17758148A745,Aalto University,https://ror.org/020hwjq30
424ABBF1-472F-42A7-8754-3E00B7ECC723,Aarhus University,https://ror.org/01aj84f44
6ECA5566-03DD-4832-9A24-C075A89416D3,Abertay University,https://ror.org/04mwwnx67
C77DEA4D-EB61-43FC-BB67-2C69DFB2B833,Aberystwyth University,https://ror.org/015m2p889
8B03B6A9-81BB-4AB5-891F-24764592AD7C,ABERYSTWYTH UNIVERSITY,https://ror.org/015m2p889
A6DB5AEA-0CD9-47CC-A517-EA9DBC2CA507,Aboriginal Affairs Northern Dev Canada,https://ror.org/05xmf1h49
1291772D-DFCE-493A-AEE7-24F7EEAFE0E9,AHRC,https://ror.org/0505m1554
235E3A73-D863-4DF7-BCB2-6312EB6E1EE7,Alfred Wegener Institute for Polar and Marine Research,https://ror.org/032e6b942
D43208AC-37C0-4587-8148-C97D456FD32C,Alfred-Wegener Institute for Polar and Marine Research,https://ror.org/032e6b942
54AA7F02-CCCC-476B-BF00-4D5CF5EDFB47,American University,https://ror.org/052w4zt36
C228EFF6-ABD4-429B-AD23-201C7BECF1A5,Amherst College,https://ror.org/028vqfs63
5397946B-AA87-4A0D-93C1-4B6D8E9FF796,Anglia Ruskin University,https://ror.org/0009t4v78
72C69A45-0B5C-4F4C-8733-17FE56FCA60B,Anhui Institute of Optics and Fine Mechanics,https://ror.org/03bzbv419
3E0D9239-49F3-408B-8BCB-821FA798E7B2,Aologuya Ewenke Township Government,https://ror.org/04s5ed403
CE1AF458-0439-4A58-BB7A-B30E70FEDC26,Applied Acoustic Engineering Ltd,https://ror.org/03mw3xk75
3A7CAA74-8A3D-41DF-A6E2-6B4FCB333653,Applied Acoustics Engineering Ltd,https://ror.org/006wz7f31
A799BA8F-BD59-408B-867A-7D4455719DC6,Aquaplan-niva,https://ror.org/03hrf8236
E55B48BC-8285-4A27-A989-67198A29129D,Arctic Institute of North America,https://ror.org/01jsfqj27
2FD68CA4-F246-4294-9420-5FC455D6150E,Arctic Research Consortium of the United States,https://ror.org/00s7dq077
E371B01A-13AA-4594-95AF-4DE153C9EE06,Argonne National Laboratory,https://ror.org/05gvnxz63
198AFEB0-14F0-4F02-AE50-3CF86B1A7AF1,Arran Eco Savvy,https://ror.org/05nsgrk27
F9978BFD-06F4-449F-B1D6-1F35B9B2A297,Asian Institute of Technology,https://ror.org/0403qcr87
C3E1474E-FA4A-4D91-B398-B495D8BBBDF9,Atkins,https://ror.org/036r3bf08
A6F04DE6-48D6-4597-86F1-24A99955D237,Atmospheric and Environmental Research,https://ror.org/04cg70g73
D497C8D4-27A3-4A4A-8754-A12B18A389BB,Aurora College,https://ror.org/05bn6qf70
F9CDA754-F4CA-49F1-BDAC-0B8D7D33B801,Aurora Research Institute,https://ror.org/05bn6qf70
093FD495-0865-4573-B0E9-4CBE7FEF228B,Bahir Dar University,https://ror.org/01670bg46
35C1DD3F-9968-4E43-A977-5F9D89444F9A,Bandung Institute of Technology,https://ror.org/00apj8t60
476C1368-2A60-4939-8671-6A5ED8CA4C9C,Bangor University,https://ror.org/006jb1a24
9C7F5E3E-B0FD-48EB-88F1-0927B2413624,BANGOR UNIVERSITY,https://ror.org/006jb1a24
21527055-5FF6-45F3-A2A1-9E2989669F70,Barcelona Supercomputing Center,https://ror.org/05sd8tv96
DC6E2059-5CA6-4273-B605-243FCEFD3FCF,Barcelona Supercomputing Center,https://ror.org/05sd8tv96
0CAF40A1-82B8-4F98-9D19-A070A0B98FE0,Barra and Vatersay Community,https://ror.org/03g7zhh97
2512EF1C-401B-4222-9869-A770D4C5FAC7,BBSRC,https://ror.org/00cwqg982
B6365AF7-7852-4AC2-A781-9980F713E00E,BC Centre for Disease Control,https://ror.org/05jyzx602
37B3CB47-F626-4F98-AEE0-43801550F671,Beijing Normal University,https://ror.org/022k4wk35
5F22B90A-EC69-4F58-9BEC-8B98DBA3DC98,Belgian Institute for Space Aeronomy,https://ror.org/03vfw8w96
A57FCA3E-BADF-4359-AA22-515679964784,Ben-Gurion University of the Negev,https://ror.org/05tkyf982
E4A1B76F-CA39-420D-954A-D1F8536BECDC,Bigelow Lab for Ocean Sciences,https://ror.org/03v2r6x37
8BFBB2D9-D131-4D4C-8C14-6BCCEC65428A,BirdLife Cyprus,https://ror.org/05nyyav28
50A97A86-4241-4E1B-AB4A-06598424DF16,Bjerknes Centre for Climate Research,https://ror.org/011n96f14
DD178D50-C69F-48CF-8A69-DBC2AD133C0E,Boise State University,https://ror.org/02e3zdp86
FDDB8DA8-0A27-466C-8DE9-8CEB51BD4BFD,BP,https://ror.org/05dfvhh79
574B3C62-344E-43B5-A158-3A0230872A25,BP,https://ror.org/05dfvhh79
71AFAC26-D531-4BE9-AF5A-0EF0F571D066,British Antarctic Survey,https://ror.org/01rhff309
73BAA54A-65E2-4ECC-B1D2-E1E14CC410E4,British Geological Survey,https://ror.org/04a7gbp98
BE203F9C-AB00-4ACF-855B-0FAC4B20260C,British Geological Survey,https://ror.org/04a7gbp98
294426E5-1FAC-417E-BCE8-2D4CBEF809DA,British Museum,https://ror.org/00pbh0a34
ADE41B2F-8769-4B6C-B8CB-06183CA92F02,British Trust for Ornithology,https://ror.org/03w54w620
8342BD07-D4A9-40D3-A73F-DEC9CF62FD6D,Buglife,https://ror.org/017mxs556
FF887302-1AE0-4E28-9C05-8F8513291920,California Institute of Technology,https://ror.org/05dxps055
052DE517-F298-4593-869D-03FE4A87442A,Cardiff University,https://ror.org/03kk7td41
B6A72C78-DBF1-4AA9-AC36-8685636DFB7A,CARDIFF UNIVERSITY,https://ror.org/03kk7td41
DA5881D8-66AE-4AC1-993D-2391017428CE,Carl von Ossietzky University of Oldenburg,https://ror.org/033n9gh91
349612BB-1427-4B63-AB60-BFCB0FC80DFF,Carleton University,https://ror.org/02qtvee93
A9F23878-0934-49B2-99D7-FBE17EE98875,Catalan Institute of Climate Sciences,https://ror.org/01j1eb875
B5F68CE6-D68A-4FBC-BA17-D867F586B95C,Center for International Climate and Environmental Research,https://ror.org/01gw5dy53
64E57346-76CB-4AF2-9109-F882D5E27C74,Center for International Climate and Environmental Research - Oslo,https://ror.org/01gw5dy53
63B1E6C7-F42D-49C6-B73A-EECCF24E717C,Centre Européen de Recherche et de Formation Avancée en Calcul Scientifique,https://ror.org/02dzbc556
AE6C43CF-D993-4DFB-B8D4-451B5E918E60,"CENTRE FOR ENVIRONMENT, FISHERIES AND AQUACULTURE SCIENCE",https://ror.org/04r7rxc53
A6150DAF-F6AD-403A-B796-AD2A340FF6F9,"Centre for Environment, Fisheries and Aquaculture Science",https://ror.org/04r7rxc53
1B3A95D4-E275-4334-A219-B9982C1ED06C,CGG Services,https://ror.org/0308pxz24
DA195263-A136-4133-8172-05DBE731445A,Chengdu University,https://ror.org/034z67559
FD11FB37-48B1-430D-892D-9497EC6A4CEF,Chengdu University of Technology,https://ror.org/05pejbw21
44DFE5C1-5FA5-4E97-BF4A-E61639301BA3,Chiba University,https://ror.org/01hjzeq58
A2FBC67C-B903-44BD-BDB0-1AD8D1BEEAAB,Chinese Academy of Agricultural Sciences,https://ror.org/0313jb750
FE29B969-55F4-4FFC-8568-5524B9ACD19E,Chinese Academy of Sciences,https://ror.org/034t30j35
DED14C80-E8A7-4265-9FB7-3C54503E7CEE,Clark University,https://ror.org/04123ky43
5BE79F13-E284-4175-8236-75563CBEFC32,Colgate University,https://ror.org/05d23ve83
6EBE67DB-5869-4430-BD6F-2824F2036299,Colorado State University,https://ror.org/03k1gpj17
1CFAF87F-9A42-42CE-B0E3-2FE9A08B293A,Columbia University,https://ror.org/00hj8s172
EC9EE2DE-F85F-4416-A9AA-5ED9FFC77D22,CoMET,https://ror.org/047d2d387
D85F1F15-F557-4CBE-86F9-09044A81EAB8,Commonwealth of Learning,https://ror.org/00vcbg240
D4172E13-D1C2-49B5-9903-242B9991B873,Commonwealth Scientific and Industrial Research Organisation,https://ror.org/03qn8fb07
5E41DF95-A0E7-47B8-8E42-4BBCFA527A14,Cornwall Council,https://ror.org/04wbxh769
0E10FDAC-BD4B-4966-8994-41D99E5D8CD6,CSC – IT Centre for Science,https://ror.org/04m8m1253
99A18C51-F7A2-4CBD-8BCD-BC926C852771,CRANFIELD UNIVERSITY,https://ror.org/05cncd958
CF131F26-C882-41C3-9BEE-78083F9C32A3,Danish Meteorological Institute,https://ror.org/020m6x732
F25FD435-0DE2-4E34-B932-B9F7E56A41D1,Danish National Research Foundation,https://ror.org/00znyv691
19174CB0-4767-4778-A5B0-8A92B59D1699,Dartmouth College,https://ror.org/049s0rh22
C341ECD2-B9E5-41AC-9550-AD81D7A9AA4D,DECOM NORTH SEA,https://ror.org/02fjd2454
01863A37-3189-47CB-9E8B-8DD1D90641CF,Defence Science and Technology Laboratory,https://ror.org/04jswqb94
E11241F9-FF85-4BE7-A1B3-F48EB424F144,"Department for Business, Energy and Industrial Strategy",https://ror.org/019ya6433
AB61D586-D945-465C-A60C-208B9877A515,Department for Environment Food and Rural Affairs,https://ror.org/00tnppw48
D00571E3-064E-468D-898E-B616F6DDD51D,Department of Fisheries and Oceans Canada,https://ror.org/02qa1x782
B65DE606-5C44-4E99-8210-1A6999AFCE32,Department of Transport,https://ror.org/0238rs311
462522B3-DDE6-493E-B9C0-A65E4EDD773E,Directorate General for Civil Aviation,https://ror.org/04wtgxd69
06843A07-F499-4CD5-A398-A54119CF802F,DOE Joint Genome Institute,https://ror.org/04xm1d337
F5586075-4E28-41D1-8236-1E6CA3849F86,Drinking Water Quality Regulator,https://ror.org/02fg51t11
F6BD8BE6-8830-4F45-B70A-1C819EB366E3,Duke University,https://ror.org/00py81415
CB6DB8A7-3191-4B03-B37A-1FC98C252089,Durham University,https://ror.org/01v29qb04
C337B394-C662-4CFD-A667-92B38D3F6D14,Dutch Research Council,https://ror.org/04jsz6e67
5634B743-2CD3-4B6F-8F7C-2EA276BDDB4D,Dwr Cymru Welsh Water,https://ror.org/00vkafj46
F32952AD-3EF0-4BEC-81AD-9CC29AA08720,Earlham Institute,https://ror.org/018cxtf62
9681D781-BD4A-40E7-AC6B-DC3F321B9C04,Earth and Space Research,https://ror.org/055mfda29
34BF95F6-8C46-4B33-B613-4754999A62A3,East China Normal University,https://ror.org/02n96ep67
1238ECB5-50A4-4825-8F5F-E83873A55EF1,École Polytechnique Fédérale de Lausanne,https://ror.org/02s376052
1D6F42D5-1199-4F80-8C10-248702049035,ECOMETRICA LTD,https://ror.org/034yp9n83
AEEC4B44-F29F-4A06-8821-12BC8EC24BC8,Empa - Swiss Federal Laboratories for Materials Science and Technology,https://ror.org/02x681a42
49DE093A-7854-4591-90C9-9327215879ED,Environment Agency,https://ror.org/01zewfb16
4E817C1F-D977-491F-BE71-B7E7192FB968,Environment and Climate Change Canada,https://ror.org/026ny0e17
2AC8EE69-414D-420E-A36D-438933568693,Environmental Defense Fund,https://ror.org/02tj7r959
798CB33D-C79E-4578-83F2-72606407192C,EPSRC,https://ror.org/0439y7842
924BE15C-91F2-4AAD-941A-3F338324B6AE,ESRC,https://ror.org/03n0ht308
6681097F-BF3D-4C8B-8352-C58898E549EA,ETH Zurich,https://ror.org/05a28rw58
32C5656A-5F7D-49BF-82AA-1DA337D29883,European Centre for Medium Range Weather Forecasting ECMWF,https://ror.org/021kzta69
DCE6A177-80B8-4479-BE74-76EAE9BE0650,European Centre for Medium-Range Weather Forecasts,https://ror.org/014w0fd65
9E615C68-4BEC-439C-B9EA-8DF41C6430C6,European Commission H2020,https://ror.org/00k4n6c32
7B481D84-8992-4E36-AC8D-2890471669D9,European Research Council,https://ror.org/0472cxd90
F72846F1-9416-4A8B-B855-018E146337D5,European Space Agency,https://ror.org/03wd9za21
74BF0576-2786-4213-BD54-038EB7425E77,European Space Agency,https://ror.org/03wd9za21
92EBF3EA-2787-47E2-9482-F429D39812A8,European Union,https://ror.org/019w4f821
AE2FD4D7-99E0-4582-AB9B-D3513801C1B2,ExxonMobil,https://ror.org/01gpy1v41
47D602C3-3778-4A1D-B2EC-186F3D171A04,Fairbanks North Star Borough,https://ror.org/00vhkhz92
FAB62F12-D7BF-4F41-A031-9F594C44EDCB,Faroe Island Environment Agency,https://ror.org/01zewfb16
D43FECC6-59BB-4949-9184-D38C1F6E3FCD,Faroese Earth and Energy Directorate,https://ror.org/04xx5hr10
938C9BAF-1E87-4A7C-9FFA-915B90DCD2F3,Federal Ministry of Transport and Digital Infrastructure,https://ror.org/00e3ns026
7C907531-4D07-420E-9899-15ACB1EFD2B9,Federal University of Bahia,https://ror.org/03k3p7647
87758059-0E4B-40F8-B97F-7D6DF5EE09F7,FIC,https://ror.org/02xey9a22
0FADB197-3C8A-4A08-A12D-87A8F8B026A0,Finnish Meteorological Institute,https://ror.org/05hppb561
3E5B3C83-5669-4CB4-B34E-39F265DE16C2,Fisheries and Oceans Canada,https://ror.org/02qa1x782
78EAEF3F-AAA6-4D10-BD84-B700D29FC31E,Florida Atlantic University,https://ror.org/05p8w6387
00B38610-11AC-4D15-8AA5-67D03B0461C8,Florida State University,https://ror.org/05g3dte14
965B3D84-45D0-498C-90A3-7A83A4D89156,Forestry Society of Kenya,https://ror.org/05hz2w230
D1450D98-8167-4FDD-A955-EAFB3BBAE167,Forschungszentrum Jülich,https://ror.org/02nv7yv05
C1605192-CAF8-4619-8D52-77CB684EB0EF,Forschungszentrum Jülich,https://ror.org/02nv7yv05
8CF9293C-B47F-423A-BD8A-EFC5D3174FF5,Francisk Skorina Gomel State University,https://ror.org/03h5rdc49
0B8E820C-725A-489E-B7A2-2A2682E62B04,Free University of Amsterdam,https://ror.org/04dkp9463
3D4F636C-5A46-4B02-97C3-05B4E07C7827,Freie Universität Berlin,https://ror.org/046ak2485
4CF8D415-3DDB-4873-84AD-E600FC5A3E7A,French National Centre for Scientific Research,https://ror.org/02feahw73
84DF1B2F-CFE7-468F-B528-EC31EA8C9CE3,French Research Institute for Exploitation of the Sea,https://ror.org/044jxhp58
A04191FC-DDFA-43F2-8185-E3AE6375AF2F,French Research Institute for the Exploitation of the Sea,https://ror.org/044jxhp58
9797A4B4-0E97-498D-B559-1DC7B24A9147,Friedrich Schiller University Jena,https://ror.org/05qpz1x62
03DF3961-FCF6-44B4-89B2-A2F1F7594EF8,Fugro – Norway,https://ror.org/01zje5g50
858DD3AD-8E55-42EE-9BDB-4BBBDFEF051B,Fugro,https://ror.org/01zje5g50
B54217B1-11EF-4421-BEAD-B1D4439CFAC0,Fujitsu – Sweden,https://ror.org/03w6bzp59
980ED02C-6CFB-4E86-BEFC-E4C161499D1D,Game and Wildlife Conservation Trust,https://ror.org/015eybs17
B330565B-703C-4DE1-87C0-B38C2C100517,Gamma Remote Sensing,https://ror.org/05spbxe41
A3784879-23B7-46B1-9818-543DF9E56B75,German Res Ctr for Geosci (Helmholtz),https://ror.org/016nn6y69
FA5B0C74-A92D-45B8-BF52-E2BD8273F6C6,Geological Survey of Canada,https://ror.org/03wm7z656
40C8932B-ED16-4621-8CB2-0370AED09AEB,Geological Survey of Denmark and Greenland,https://ror.org/01b40r146
8F3F1B15-F91E-4C21-9769-25E7E5877162,Geological Survey of Iran,https://ror.org/02bykax26
58BAECD8-2004-4597-88FB-755A2FB896FB,GEOMAR Helmholtz Ctr for Ocean Res Kiel,https://ror.org/02h2x0161
EC879EB1-66EA-407F-95BC-65EA5051DB9C,George Washington University,https://ror.org/00y4zzh67
2DDEC365-E85B-4836-878E-FFC6D97DD703,Georgia Institute of Technology,https://ror.org/01zkghx44
3652B7AA-0795-416D-9C33-94986481F31C,German Aerospace Centre,https://ror.org/04bwf3e34
592C7135-DC22-4C45-B4D7-38DB7E3246E7,German Centre for Integrative Biodiversity Research,https://ror.org/01jty7g66
72EF9E2C-D887-441D-9842-3D857A0C3D9C,Ghana Space Science and Technology Inst,https://ror.org/02s7j7z43
B74C8FA6-65C8-4F1D-ACC6-D04BF1719121,Ghana Space Science and Technology Institute,https://ror.org/02x9fwx10
EE29F3E9-3117-44F0-A34C-7F7A7F2796A8,Glasgow Science Centre Ltd,https://ror.org/04d95rj19
946374FB-9BA8-450E-86C6-2A31358F297D,Global Carbon Project,https://ror.org/0067mxm07
0300382C-DAB0-4388-8E9E-2AC61997F683,GNS Science,https://ror.org/03vaqfv64
72C683A7-DBD2-498A-AE03-A8F1B1922302,Goethe University Frankfurt,https://ror.org/04cvxnb49
CF5BDFD1-339E-4D17-943C-CDD09FC36153,Government of Canada,https://ror.org/010q4q527
BDC919E2-A0A8-4713-8E6D-1E00D9D5F8C0,Government of Colombia,https://ror.org/00s1xev78
DE79A5D8-58AA-4C3F-9ACC-843F6AD1438A,Government of Northwest Territories,https://ror.org/05hqvvq43
D3203CA8-9DE1-4555-97F0-8367126E33B7,Government of Uganda,https://ror.org/04c4jf131
219436E4-0195-44A4-931F-A6D751EB6225,Government of Yukon,https://ror.org/05bhh0g83
EAA26085-960B-4232-AB22-1A9CE4FA7E9A,Great Lakes Environmental Research Laboratory,https://ror.org/01jeee804
611E3B81-859B-4753-8420-120201417D7D,Greenland Institute of Natural Resources,https://ror.org/0342y5q78
64C4F608-DD0A-4F6C-8450-51A9B8E1044E,Group on Earth Observations,https://ror.org/03ga86b15
E04C834E-BAA8-483B-8D19-1D07351E6A96,Gwangju Institute of Science and Technology,https://ror.org/024kbgz78
B940E659-5A6F-4232-AF31-2BB8C92BA5A2,Health and Safety Executive,https://ror.org/00av5yz18
6665D197-B796-44A7-823B-4DA7E9B56C37,Hebrew University of Jerusalem,https://ror.org/03qxff017
B99DCA5D-D036-4361-A5A2-82DB6EE0282C,Hebrew University of Jerusalem,https://ror.org/03qxff017
5C691FEC-C08E-4AF6-827C-9D1D4DF3D8E3,Helmholtz Association of German Research Centres,https://ror.org/0281dp749
CB28439A-1AC3-44FE-BC30-3EADF25EF10B,Helmholtz Centre Potsdam - GFZ German Research Centre for Geosciences,https://ror.org/04z8jg394
48C3D9F6-3C88-4E9D-B65D-2174FB960B83,Heriot-Watt University,https://ror.org/04mghma93
DFD42657-A23D-4644-905A-3470AF0836EC,Heriot-Watt University,https://ror.org/04mghma93
7F86BCA4-0791-487D-913E-F129A504D155,High-Latitude Drone Ecology Network,https://ror.org/00ddcfv11
E3036B24-A43D-4EDC-A2DF-E1F8BAAEC9FF,Holar University College,https://ror.org/0042wf948
273E76F0-7A5E-41CF-8C6C-3B8DC42F5A10,Hólar University College,https://ror.org/0042wf948
EE24492B-8840-4864-B6E8-A68C24A49FF3,Hong Kong Baptist University,https://ror.org/0145fw131
240CEBFD-1052-4EAC-88DF-D88A163D61C8,Horizon Europe Guarantee,
B09EE890-5EDA-487E-BF03-0E86A2A70658,Icelandic Met Office,https://ror.org/01ch2yn61
156CD10E-DEEE-4103-BB49-A38D3720A8C6,Icelandic Meteorological Office,https://ror.org/02hj34779
4FC4CBFD-9E7C-4518-BB16-852553236FE1,Imperial College London,https://ror.org/041kmwe10
EC9326B5-50D8-459F-9932-1D39B5055FC9,IMPERIAL COLLEGE LONDON,https://ror.org/041kmwe10
1308DB9B-A8CB-43DC-8754-A44B2F23F8E8,Innovate UK,https://ror.org/05ar5fy68
07E23E8B-AF27-49E0-BA1B-2AD63946943D,Indian Institute of Technology Gandhinagar,https://ror.org/0036p5w23
23EA2E4A-E43B-422F-93EA-BD15F151BA54,Indian Institutes of Technology,https://ror.org/03f099r71
2C420170-DEBE-48FF-AF4A-72490160800F,Indonesian National Institute of Aeronautics and Space,https://ror.org/025n1fp68
082B386F-6FF5-40C0-B99E-1B7F867318BE,ISCF,https://ror.org/00001
E06F5C9C-4149-497F-9658-E34CDA527C61,INRA,https://ror.org/05y503v71
8C03F602-12A9-4117-9821-B29E8FD062DC,Institut Pierre-Simon Laplace,https://ror.org/02haar591
EEFC36A1-67DF-40DD-847C-2899D47E6F0F,Institute of Atmospheric Physics,https://ror.org/0424h4e32
3173170D-0361-4099-A857-7C3925480C20,Institute of Avian Research,https://ror.org/0309m1r07
36518134-B28D-490D-A039-014378F08E47,Institute of Environmental Geology and Geoengineering,https://ror.org/00ytw6m58
B9087422-3025-4B5C-8EF4-779B11EE7946,"Institute of Mineralogy, Miass",https://ror.org/05tpxpz56
D39286A3-4394-469D-9FE3-B9239B68C966,Instituto Nicaragüense de Estudios Territoriales,https://ror.org/042662w35
CD4AB1E4-84E6-47F4-96FC-EDC23302E9B5,Intellectual Property Office,https://ror.org/05btn9560
0713C74C-B150-4705-9C87-92BC8C0C5C3B,International Arctic Science Committee,https://ror.org/01kgmdj61
9F2E67C5-B4E4-48BE-B68D-86CAEF924130,International Arctic Science Committee,https://ror.org/01kgmdj61
D83A983D-B9D7-4500-BDD7-8DF4DF431725,International Artic Science Council on Global Change,https://ror.org/04m1bn674
1B8FCB35-12C2-44AA-B629-A6F603B75278,International Atomic Energy Agency,https://ror.org/00gtfax65
27BDAFEE-1620-4661-93C7-EBE2C237D90E,International Cable Protection Committee,https://ror.org/03e1rva04
49DC2783-E684-45DA-AC70-5C20EAA0BE28,International Institute for Applied Systems Analysis,https://ror.org/02wfhk785
B3426DAA-ACE0-4A85-ABF8-43D7DEE9B746,International Livestock Research Institute,https://ror.org/01jxjwb74
1544B6A3-CE68-4668-983D-839EE3F5F760,International Space Science Institute,https://ror.org/01xm30661
4AACA05E-1E79-470E-8451-3B84824F22F4,International Tin Research Institute,https://ror.org/026hk8y88
999F6235-B9B4-401D-94F5-62AECD809C6A,Inuit Circumpolar Council,https://ror.org/05qaxe808
E37CC402-BCB2-4493-8239-E137CFA91D03,Inuit Tapiriit Kanatami,https://ror.org/05k87xn20
5F968F80-90DE-4AD1-A94E-52BD759C19A2,Iowa State University,https://ror.org/04rswrd78
302AF0C4-EBB3-45C1-9A69-3D1886C60DB3,Isle Utilities,https://ror.org/036zxgb71
DD6459FD-ECFA-49E7-A677-93297A8BCEB4,Istituto Nazionale di Ottica,https://ror.org/02dp3a879
8B5D6180-D90E-47BB-8CE2-0E7FBA4A6429,Istituto Superiore per la Protezione e la Ricerca Ambientale,https://ror.org/022zv0672
00EC51ED-2CEC-4F9E-A56B-4EF4866B2B63,James Hutton Institute,https://ror.org/03rzp5127
933DE700-6FF1-4ABD-AEBA-8DE547A160C7,Jamtland County Board,https://ror.org/040tnnq16
4ECD7018-8F70-4E42-A8E4-27D3927A6847,Japanese Aerospace Exploration Agency,https://ror.org/059yhyy33
324BA6F9-BFD8-4F1E-82FF-CC94D472F457,Johns Hopkins University,https://ror.org/00za53h95
B04C26DF-6EC1-4AC0-A724-4F336E64AAB3,Jura Development Trust,https://ror.org/01v2fcr49
F1AB1FCE-8FCF-4565-B34A-994445722C8A,Kartong Bird Observatory,https://ror.org/056d27308
79C0952D-59DA-46AD-AC89-3E4DE9198B5A,Kenya Forest Service,https://ror.org/0526r9902
331680FE-6E6B-493F-B01E-08C4F5BD5E51,Kings Bay,https://ror.org/0316g5c30
1ECBCFF6-5785-4627-91AC-34132C9C759C,King's College London,https://ror.org/0220mzb33
F1DDCCC9-B674-4030-93F4-779DE17EDF49,Kirovsk Polar-Alpine Botanical Garden,https://ror.org/02j0gyf89
1A4469C7-ADA3-4096-A373-32C510D896BD,Korea Institute of Ocean Science and Technology,https://ror.org/032m55064
49E4FE4D-D435-4C54-BD43-0330AE111118,Korea Polar Research Institute,https://ror.org/00n14a494
A75EB940-F64F-443B-B684-B9FC10CD2C1A,KU Leuven,https://ror.org/05f950310
1103D25F-4A60-4811-943E-FE044F6B8586,Kwame Nkrumah University of Science and Technology,https://ror.org/00cb23x68
B1B416D7-9747-449E-8C69-30043A81FD59,Laboratoire des Sciences du Climat et de l'Environnement,https://ror.org/03dsd0g48
21FC5172-06C8-4ED8-832F-85B529A3186A,Laboratory of Climate Sciences and the Environment,https://ror.org/01q2d8e83
E343C9CA-94B0-4101-B08C-1964393EA0D7,Lancaster University,https://ror.org/04f2nsd36
6B026ACA-B5A5-4200-BCC0-E8D92C453905,Lawrence Berkeley National Laboratory,https://ror.org/02jbv0t02
CBF8EBAC-7C40-4A53-873A-AA45AD650B8A,Leibniz Association,https://ror.org/01n6r0e97
0333838C-0457-4C70-98CD-3955AA93AB78,Leibniz Institute of Freshwater Ecology and Inland Fisheries,https://ror.org/01nftxb06
E3E0F707-3D9A-41C2-895C-9948CE465208,Leibniz Institute for Baltic Sea Research,https://ror.org/03xh9nq73
1B755135-245D-4C71-AF81-2C780B7D03AA,Leibniz Institute for Tropos,https://ror.org/03a5xsc56
D9E274B7-55BD-4603-BCD7-612E2C138400,Leibniz Institute for Tropospheric Research,https://ror.org/03a5xsc56
5429ACC5-BEC7-4E43-BBC1-913AA513D974,Leibniz University Hannover,https://ror.org/0304hq317
40DC9017-A3BC-4738-B2F5-B0F3A6903CB6,Leiden University,https://ror.org/027bh9e22
BF4C6051-C104-47D3-B208-794F1C3DD6B2,Lembaga Ilmu Pengetahuan Indonesia,https://ror.org/03d7c1451
008B11D6-3B19-4A8A-AC99-8F6FF66161F0,Liaocheng University,https://ror.org/03yh0n709
E71B262F-D423-4702-86B7-2923EE11BBF1,Linköping University,https://ror.org/05ynxx418
07700A8A-BC81-41AB-9AB6-0F7652255E95,Liverpool John Moores University,https://ror.org/04zfme737
6D415694-BDC9-4F3E-B0F8-1D11B873365B,Liverpool John Moores University,https://ror.org/04zfme737
FC368EA8-BBA3-4E49-91D6-1B1DE446E73E,Lomonosov Moscow State University,https://ror.org/010pmpe69
6E7EB1AC-60AC-4157-938A-1145539EAA32,Lomonosov Moscow State University,https://ror.org/010pmpe69
49D46215-7F93-4B85-8ED2-CBDDB698B08A,Los Alamos National Laboratory,https://ror.org/01e41cf67
E4BC926F-50DE-44EE-AFEB-5A9C41512F4B,Loughborough University,https://ror.org/04vg4w365
40B52112-7D3C-42C7-9307-71ED3C44EE17,Louisiana State University,https://ror.org/05ect4e57
97DF8DC7-DCDB-43DD-8C96-3348BAC45FDE,Ludwig-Maximilians-Universität München,https://ror.org/05591te55
D6153164-936C-4761-96AB-0EF48A30D648,Lund University,https://ror.org/012a77v79
39433914-EC9C-4A45-89E6-1323ED78666C,Lund University,https://ror.org/012a77v79
020CF203-24ED-4EA1-A560-474D6F710031,Maasai Mara University,https://ror.org/00dygpn15
DD1DE474-7CF7-4DE4-946E-62DC5C5588BF,Macquarie University,https://ror.org/01sf06y89
CA496E84-F312-435C-AE5F-1B94DA7C39BC,MANCHESTER METROPOLITAN UNIVERSITY,https://ror.org/02hstj355
39BED994-E759-4A54-9107-AD44936DAFFB,MANCHESTER METROPOLITAN UNIVERSITY,https://ror.org/02hstj355
2A55868F-47E4-4E1A-8EE9-69952DC51983,Marine Alliance for Science and Technology for Scotland,https://ror.org/04zv9g259
346CCDD1-E411-469F-A545-F1F680D30D98,Marine and Freshwater Research Institute,https://ror.org/02c8sqt04
506F3A39-4741-45E3-8361-74809B802EF4,Marine Biological Association of the United Kingdom,https://ror.org/0431sk359
0406E1F2-E8E0-4A6A-B5E7-C804F1414755,Marine Biological Laboratory,https://ror.org/046dg4z72
A217C2F4-62D0-488C-AB0C-D6C80BB3B673,Marine Scotland,https://ror.org/02kh2f959
44BE5EF6-C294-4DE6-88F6-26593C46DDFE,Marine Stewardship Council,https://ror.org/047kbbm64
2D5B94EC-EA32-4196-A977-6F069EE3D791,Massachusetts Institute of Technology,https://ror.org/042nb2s44
352B49FE-6611-4BB6-B6CE-9CFF53D099DC,Max Planck Institute for Meteorology,https://ror.org/05esem239
9DC6BE7A-28E5-4148-A3D2-54D1C2D4F698,Max Planck Institutes,https://ror.org/010c2rf19
B15E9056-951A-4279-81FD-19F4CD1B8926,McGill University,https://ror.org/01pxwe438
035CA38D-77F8-409F-8E0D-16D9A2EF6B55,McMaster University,https://ror.org/02fa3aq29
A9F2001F-EAFF-456A-B126-8B8F19439109,McMaster University,https://ror.org/02fa3aq29
11F53207-EC4B-4285-8148-F51BD8703078,Mediterranean Institute of Oceanography,https://ror.org/05258q350
D47B0753-3C90-4951-854F-32B731B2FEEB,Mekelle University,https://ror.org/04bpyvy69
594315C2-AF64-4E0E-8E84-742A4FE717F7,Memorial University of Newfoundland,https://ror.org/04haebc03
CA413EFC-A747-49E8-8E5C-F3E0AEE71CFC,Met Office,https://ror.org/01ch2yn61
67C23724-DEAF-4721-B21C-B1A231F8307D,Météo France,https://ror.org/0233st365
DFEC10C1-1EF4-44FA-8D39-BF7FDBE6AF95,Meteorological Office UK,https://ror.org/01ch2yn61
795AF545-4AAA-4FB9-A7D4-FF497BEDD159,"Meteorologisches Institut, Hamburg",https://ror.org/03t0n2419
8CA5214E-6797-49CC-B31C-129272A691F2,Michigan Technological University,https://ror.org/0036rpn28
30AE8BB6-4BA7-4DC8-B1FA-0837AAD7470C,Montana State University,https://ror.org/02w0trx84
C90A4D6A-58A9-4135-916C-307C54AB6D22,Moscow State Pedagogical University,https://ror.org/03a9mf398
3AFCFE3B-D233-4036-8CA5-26DB96CE2C75,Murmansk Marine Biological Institute,https://ror.org/00hqnxt08
DE861D51-3AD3-4096-BEF2-1B0CAB685914,Nagoya University,https://ror.org/04chrp450
3C83D166-D59D-442C-9A2B-1FD95D697859,Nansen Env and Remote Sensing Ctr,https://ror.org/015th0q50
D42988F8-266B-47BC-A189-39B60BD2C235,Nansen Environmental and Remote Sensing Center,https://ror.org/015th0q50
27663D71-7AE3-4892-9CF2-0F5EFF7719F9,National Aeronautics and Space Administration,https://ror.org/027ka1x80
7E38C1E1-8BF4-463F-A247-379E76232649,National Aeronautics and Space Administration,https://ror.org/027ka1x80
5FEE7C1E-93D9-423E-8EC9-F02DFAD7885D,"National Agency for New Technologies Energy and Sustainable Economic Development",https://ror.org/02an8es95
8FEC53FF-D1EB-4D94-A521-DA50C4D2BE6B,National Center for Atmospheric Research,https://ror.org/05cvfcr44
E832E52D-BA78-421E-B29F-05C8AD45D305,National Center for Scientific Research,https://ror.org/00x9ewr78
BA4CB503-4E47-42E7-9549-FB84D403AE0D,National Central University Taiwan,https://ror.org/05bqach95
8C81B867-5EDE-464A-9088-F5D76E83C3C9,National Centre for Atmospheric Science,https://ror.org/01wwwe276
0D68AF09-EA78-4E15-96D1-8662EAFA4EF8,National Centre for Atmospheric Science,https://ror.org/01wwwe276
FCBEE573-5D2A-47B2-B986-348860ED1AE6,National Centre for Earth Observation,https://ror.org/0375jbm11
AB2612EF-C1BC-4153-BB6A-6D94EA70A6EA,National Centre for Earth Observation,https://ror.org/0375jbm11
C288A985-2FC0-49E4-BE22-E93870316046,National Centre for Medium Range Weather Forecasting,https://ror.org/021kzta69
2F03BB8A-BFFA-460B-BAE0-21E9D689DA8A,National Geographic,https://ror.org/01kq4t285
839A99BE-7B04-42E6-9D8C-7A43559FCDF5,National Great Rivers Research and Education Centre,https://ror.org/04byy6k28
48C27757-DF1E-4787-8236-E7FCB9E513F3,National Institute for Space Research,https://ror.org/04xbn6x09
E04ABF4E-89BE-44D0-96CA-22D079FC5B7E,National Institute for Space Research Brazil,https://ror.org/04xbn6x09
E21A2DCD-6527-458A-8D28-5C1B8F5F4774,National Institute of Geophysics and Volcanology,https://ror.org/00qps9a02
AF25EFEC-6873-4E59-91A1-7166A81FCD1E,National Institute of Optics,https://ror.org/02dp3a879
608ADFD5-4A2E-4A9A-865B-63EFBDA915CE,National Institute of Polar Research,https://ror.org/05k6m5t95
CDFA37F2-E2F8-47D6-B3E1-80110E0E3AC0,National Museum of World Cultures,https://ror.org/03rkcd137
616ABA1A-F2D1-4334-9A31-DAD5A0949D06,National Museums Northern Ireland,https://ror.org/03nqb0t90
50A401EB-F6F5-450B-AC1A-1C775F7FC1FB,National Oceanic and Atmospheric Administration,https://ror.org/02z5nhe81
36F96D1A-6667-4859-866C-E07531998109,National Oceanic and Atmospheric Administration,https://ror.org/02z5nhe81
49B0BCF7-D1A5-482D-B0B8-B371936DADFF,NATIONAL OCEANOGRAPHY CENTRE,https://ror.org/00874hx02
5E56AA55-2FCB-42C0-8298-0E50E45FF803,NATIONAL OCEANOGRAPHY CENTRE,https://ror.org/00874hx02
7D327166-2487-4608-B1CA-735AAF1F0944,National Park Service,https://ror.org/044zqqy65
076C77C0-C0D1-45AC-9F69-5D9AEDA5DDBE,National Physical Laboratory,https://ror.org/015w2mp89
5638C9D9-929A-4BBC-A216-BD0B418CB3C0,National Research Council,https://ror.org/035rrps97
4724FE6E-E473-496B-9187-C28E5898D63D,National Research Council Canada,https://ror.org/04mte1k06
DA304700-E0C3-4174-80FB-5D7CE04FCC43,National Research Tomsk State University,https://ror.org/02he2nc27
00A1DCFE-586A-4CAC-A119-AC2ABDE696E7,National Science Foundation,https://ror.org/021nxhr62
24B7A631-86F2-4409-A018-980A69B4872D,National Research University Higher School of Economics,https://ror.org/055f7t516
2EC766C2-32E8-495C-825D-2787C1B03A80,"National University of Ireland Maynooth",https://ror.org/048nfjm95
F6CA4A6E-92E0-4FE0-A3A4-4909A4AF9F98,Natural Environment Research Council,https://ror.org/02b5d8509
B3847F2C-B829-4B66-85E8-31A2E75C9A20,Natural History Museum,https://ror.org/039zvsn29
B67C7800-79EF-49C7-9968-8A9A1D3C7A33,Natural Resources Canada,https://ror.org/05hepy730
F22AEBA2-1EAD-441D-AD81-31A897E2C14C,NCAR National Center for Atmospheric Research,https://ror.org/05cvfcr44
8A03ED41-E67D-4F4A-B5DD-AAFB272B6471,NERC,https://ror.org/02b5d8509
302DE0C3-6809-4EB5-BB59-F89E6BE3EDD9,NERC CEH,https://ror.org/03k84rm07
AA74BEFD-ACAF-45CC-A5C5-18B751C8D0C5,Newcastle University,https://ror.org/00eae9z71
B759FBD8-81F8-46D4-B42B-03896C060102,Newlife the Charity for Disabled Children,https://ror.org/00yh11w37
E1F4AC2E-5609-46BF-9E27-BFB53CB0AA4D,Netherlands Institute of Ecology,https://ror.org/01g25jp36
68C2AE96-023D-4BBD-A73C-EB0C77416F13,Niigata University,https://ror.org/04ww21r56
C8BCB8AD-BB1D-435E-ACF8-758A5EB5CC1A,NORCE Norwegian Research Center AS,https://ror.org/02gagpf75
B2A414A8-E61E-4537-A616-FC0398A19966,NordForsk,https://ror.org/05bqzfg94
36E748BD-41F2-4B5B-862C-96C1BE9696D7,North Atlantic Marine Mammal Commision,https://ror.org/042rwda30
4B3AA179-401D-4B59-83D7-A358A1943FB1,North East Science Station Cherskii,https://ror.org/04fm9y474
ECDD449F-AEDA-4A5A-9BFF-CBB5FCB07587,North East Scientific Research Station,https://ror.org/00q1c3610
50A43013-3079-4263-AF88-9EF45E521823,North-Eastern Federal University,https://ror.org/02p6aa271
AC5CE1AF-D467-4F7C-B94B-889153D51FE8,Northeast Iceland Nature Research Ctr,https://ror.org/016nn6y69
EC69C33D-0382-42AF-86EA-60B1FC93835C,Northern,https://ror.org/007vzwm62
2C9E86CB-A5C2-4B2D-AE83-00BFD0D0DF1E,Northern Arizona University,https://ror.org/0272j5188
9C0CA61F-168B-41F4-A20A-DAE231970DE1,Northumbria University,https://ror.org/049e6bc10
B6447E6A-574E-42D4-ACF8-572331D5E51D,Northwest Territories Geoscience Office,https://ror.org/05hqvvq43
D9388C5C-F009-473E-B382-8CB53F5DB7EF,Norwegian Geological Survey,https://ror.org/036dwbr90
D61F9B99-01EC-4C64-B733-DA2660B5A575,Norwegian Institute for Air Research,https://ror.org/00q7d9z06
756CD128-4EDC-407F-907F-CA566A01A5F2,Norwegian Institute for Nature Research,https://ror.org/04aha0598
D5080B25-E54C-4AAB-BAAD-2104E7C84E88,Norwegian Institute for Water Research,https://ror.org/03hrf8236
F6ECED3C-E11C-4426-ACC3-B2005B66A63F,Norwegian Institute for Water Research,https://ror.org/03hrf8236
02B154F0-41BD-4230-BC4A-1AA26C7CB147,Norwegian Institute of Bioeconomy Research,https://ror.org/04aah1z61
B265FD17-99FD-405D-8C01-08B06DFFDAC6,Norwegian Institute of Marine Research,https://ror.org/05vg74d16
95088490-C4F8-4897-A7FF-113B721CCC87,Norwegian Meteorological Institute,https://ror.org/001n36p86
DCDE34A6-8B68-4C07-A810-CEBB986E1139,Norwegian Polar Institute,https://ror.org/03avf6522
46794E33-9B77-4DAA-91C1-91F0716BCD28,Norwegian Research Centre,https://ror.org/02gagpf75
9241F089-51E4-4CB5-BFB4-F89E66D61885,Norwegian University of Science and Technology,https://ror.org/05xg72x27
3AB9D649-B9AF-435F-9BD6-DB8D8260A2B1,Norwegian University of Science and Technology,https://ror.org/05xg72x27
C4692A8D-8D43-4B05-A278-C51CE34C7D4F,Norwegian Veterinary Institute,https://ror.org/05m6y3182
B9C65251-988C-46D6-B37B-039F87731E39,Nottingham Trent University,https://ror.org/04xyxjd90
A0C5C2A1-8989-4CD1-8528-A7E47FFB6DF4,Noveltis,https://ror.org/00shj4079
0C2F250D-7C2F-4A17-B5F6-10A2721EF504,Oak Ridge National Laboratory,https://ror.org/01qz5mb56
A51BD018-294B-4EB8-B825-B82E3C3AB1CD,Oakland University,https://ror.org/01ythxj32
5D2C232B-519D-4DA1-A5B3-C26D38DF380A,Ocean Atmosphere Systems,https://ror.org/01x2g0m45
045D49DD-A6A5-4475-A4A5-BAAB147E10D7,Oregon State University,https://ror.org/00ysfqy60
1D057C11-138D-473B-A25D-37C68E8E1B30,Oregon State University,https://ror.org/00ysfqy60
71FAAED2-EA0B-4036-9BDB-4DB35F51E29A,Paris Diderot University,https://ror.org/013bkhk48
31078669-F798-4F3F-A962-2F1D353B737A,Pennsylvania State University,https://ror.org/04p491231
1A3E6B80-4D63-497A-8214-CEDD92A02CEE,Planet Ocean Ltd,https://ror.org/02ekwm539
89ADC7BB-5544-4F9F-8822-8AD84F6B325D,PLYMOUTH MARINE LABORATORY,https://ror.org/05av9mn02
654226C6-BE00-44AE-BA68-D7C8B6AF80A5,Plymouth Marine Laboratory,https://ror.org/05av9mn02
6C52FA7B-3451-48B8-B2F5-B08CEEB1C4EB,Plymouth University,https://ror.org/03f914y84
EA126AB3-0590-4A5F-B2A9-C5A5DA7A0610,Polish Academy of Sciences,https://ror.org/01dr6c206
8F5E8B51-D647-4941-B8EE-E46F96ADAB56,Potsdam Institute for Climate Impact Research,https://ror.org/03e8s1d88
37FF9634-FEDB-415B-8268-0821C5660F01,Princeton University,https://ror.org/00hx57361
4BACBCB7-B269-4051-82FB-167C80EF1E8A,Princeton University,https://ror.org/00hx57361
4BAFE80E-23D5-448C-B4A6-F078D73A9993,Private Address,https://ror.org/013kf9t32
61733E99-9209-4D22-B189-81092CBADBFF,Quaternary Research Association,https://ror.org/05pyxbe18
1060F625-A74C-4896-9E14-A578B83AA015,Queen Mary University of London,https://ror.org/026zzn846
AB74CD93-1466-4497-93FB-1EE707768B02,QUEEN MARY UNIVERSITY OF LONDON,https://ror.org/026zzn846
23B1695D-4900-4E78-87AF-9CEB5F1C5E52,QUEEN'S UNIVERSITY BELFAST,https://ror.org/00hswnk62
C142C0C0-7A6A-4A97-AF32-A6BF562319BF,Queen's University Belfast,https://ror.org/00hswnk62
3006BDF4-A4CE-408C-BA22-BC40AFA467D3,Research Councils UK,https://ror.org/01x9fwa61
56D3AE17-B8DD-4373-89D4-A0CB6BC0DB50,Rolls-Royce,https://ror.org/018a0bk66
90C58A19-72D6-4C0F-A472-AEDBD43B768E,Royal Belgian Institute for Space Aeronomy,https://ror.org/03vfw8w96
02142B14-5C71-4844-A090-4CBCBDA20CC6,Royal Geographical Society,https://ror.org/03k7szx23
036F7762-A3D3-4E03-BD6E-FB156F323872,Royal Holloway University of London,https://ror.org/04g2vpn86
4E02FF29-13B0-44CF-AE72-CEBEABD4C29B,Royal Institute of Technology,https://ror.org/026vcq606
B4CA4C09-973A-43B4-8FBC-10B15B0061C2,Royal Institute of Technology,https://ror.org/026vcq606
CA3B785C-3521-4F97-82E8-2633BBCF87BD,Royal Netherlands Institute for Sea Research,https://ror.org/01gntjh03
ABA3767C-CE2C-4722-8198-93F9BE1AC9FF,Royal Netherlands Meteorological Institute,https://ror.org/05dfgh554
895273A7-FDF9-41B3-B20B-94A1F23899FD,Royal Society for the Protection of Birds,https://ror.org/0138va192
1721EEE8-4239-4B88-9193-AA8BBFFB6649,Russian Academy of Sciences,https://ror.org/05qrfxd25
EEF68A1C-C772-4928-9EA4-65CD59422697,SCOR,https://ror.org/04mc82d47
A46B6242-2647-45E7-9D7F-7875A5537574,Scottish Association For Marine Science,https://ror.org/04ke6ht85
EFD4A204-DC10-452C-9877-3C64E651E4E3,Scottish Association for Marine Science,https://ror.org/04ke6ht85
DA5321FF-BF82-4CD5-9C2E-BBD6F18410CA,Scottish Environment Protection Agency,https://ror.org/01kxjy285
F0456665-5F6E-48B3-A8B7-D1E15EFD4F35,Scottish Universities Environmental Research Centre,https://ror.org/05jfq2w07
561CB889-A9F6-4214-961C-D6558FAA6048,Scottish Water,https://ror.org/03cc62s85
4649E93A-A4A8-432C-9959-7B8273BE879D,Scripps,https://ror.org/04v7hvq31
B7819B27-3F90-4712-9C4A-68DDEF770519,Scripps Research Institute,https://ror.org/02dxx6824
06C63DC1-A509-4EE3-83CA-48279227BDF5,Seafood Shetland,https://ror.org/00xrtc164
212B2C37-0736-4F1C-9901-75968B7086C9,Senckenberg Research Institute and Nature Museum Senckenberganlage,https://ror.org/00xmqmx64
209C674C-35B7-4FD8-BEA3-4A6B644A6A75,Siberian Branch of the Russian Academy of Sciences,https://ror.org/02frkq021
A68F9D7C-AE73-4C95-AF8F-CF1A6E27BAA6,Siberian Federal University,https://ror.org/05fw97k56
DD5CAD4B-59FE-422B-BD3C-41B92D01C2E4,Simon Fraser University,https://ror.org/0213rcc28
8AB32689-790F-47C9-A8E6-12CAC762FDB6,Sintef Energi As,https://ror.org/0590dbq33
2099BE05-8536-4FC6-BEB3-CE0C927651D9,Sir Alister Hardy Foundation for Ocean Science,https://ror.org/01b1y2d10
F93B2467-1BC3-4D36-B5E8-05A0A864604C,Society for Underwater Technology,https://ror.org/02bn4n710
83C8B026-2611-488B-B82B-66236B9A79F3,Solent University,https://ror.org/05xydav19
EEFC8C15-A368-4C1A-8918-073AEA0AE8B2,Sonardyne International Ltd,https://ror.org/05a3jmv43
8798A144-3DA4-434B-9083-FC4A41C16E04,Sorbonne University,https://ror.org/02en5vm52
E9B72777-5F1E-418A-A0DE-6F9000C47521,South African Nat Space Agency,https://ror.org/02epph894
AC3B0072-66A2-480C-904E-34B5E07DE821,South Dakota State University,https://ror.org/015jmes13
E93E3975-3E15-4037-9D55-F3996BC18C12,Space Studies Centre of the Biosphere,https://ror.org/01225hq90
184F0372-7034-44FD-95FA-5D31E6F5294F,Spanish National Research Council,https://ror.org/02gfc7t72
EF557DB3-F3E1-402F-BCF9-C3EBDD43E83C,St. Catherine University,https://ror.org/03x1f1d90
F9FAD857-B00D-47C4-BD03-0C0CA5D7E88C,Stanford University,https://ror.org/00f54p054
4BDD9DFF-0796-46AE-97C0-EFA4B6D56B8C,Stanford University,https://ror.org/00f54p054
FCC9B980-353B-44E4-9974-8D94EF101918,State of Alaska,https://ror.org/01c2m5m96
A6681A4E-3C29-47DA-9F62-0BEC41245174,Stockholm University,https://ror.org/05f0yaq80
0117BE3F-7D91-457E-AF8C-1F1080FA141B,Sun Yat-sen University,https://ror.org/0064kty71
F27E23A4-24C4-43D7-8796-B37B1A816DC4,Surgut State University,https://ror.org/01gsr9f55
C11E4053-874C-4D80-A724-5687C5732465,Swansea University,https://ror.org/053fq8t95
AA72EF12-BDFC-4C58-A101-CDD3725D83D1,SWANSEA UNIVERSITY,https://ror.org/053fq8t95
D08DE724-F6CF-4B09-B76C-E79B8954A739,Swedish Polar Research Secretariat,https://ror.org/02t64n115
B54B6392-C06A-4A15-94D0-160BC518C019,Swedish University of Agricultural Sciences,https://ror.org/02yy8x990
A8AA317E-81CF-4EF3-A997-D5AC477002AC,"Swiss Federal Institute for Forest, Snow and Landscape Research",https://ror.org/04bs5yc70
7B559ABC-2093-4167-B5CA-EC21833AFF16,Swiss Ornithological Institute,https://ror.org/03mcsbr76
5F834823-A717-478C-9243-EB8559708D95,Syktyvkar State University,https://ror.org/03bxk9355
E7263417-B579-4FB1-9507-49B6194EE152,Syngenta,https://ror.org/0310sdb05
0CF38B94-C445-4752-B056-D95B5954AB1B,Syngenta International AG,https://ror.org/0310sdb05
C16B54A6-3EC8-4B36-85FF-511976FEFC2C,Tadiran Batteries,https://ror.org/021q7b987
CF31C31F-DCD8-4050-80E0-433CB5D7A502,Tanzania Bird Atlas,https://ror.org/05tacab76
91131BE1-C6F1-489A-B288-7C17E1C007F6,Technical University of Denmark,https://ror.org/04qtj9h94
9D4EDA8F-FF39-4782-8394-610F94F1FE6E,Technical University of Dresden,https://ror.org/01t4pxy10
5960B9AC-1CFD-40E8-B0F7-83ADDBBC70EF,Technical University of Madrid,https://ror.org/03n6nwv02
4E452FCB-7FAB-4CF0-A7AF-AD3FAAAF5C39,Tel Aviv University,https://ror.org/04mhzgx49
F12256A9-C88A-4048-A00B-D8EEA9756FD2,The Climate Change Committe,https://ror.org/04gq3m222
033EE4D9-439B-4A9F-A754-B34D5DAC35FC,The Open University,https://ror.org/05mzfcs16
DB4C8C23-97DB-47F4-9532-F95EA4BB64AC,The Oxford University Museum of Natural,https://ror.org/01yvmqs58
EEDAFE5F-FB22-4294-8E99-C18DBAA64746,The University of Texas at Austin,https://ror.org/00hj54h04
76F3DE35-9293-4736-97C1-81BCD1EC9A2A,The University of Texas at El Paso,https://ror.org/04d5vba33
611A76D3-3DC3-479F-9DF3-7C5D1B592DB5,Tomsk State University,https://ror.org/00x3rpv59
3D82D38A-2EE7-42B5-853C-005092A57016,Towson University,https://ror.org/044w7a341
7215029F-1C1A-4D9E-BDEB-ACFE6A36E83A,Trent University,https://ror.org/03ygmq230
610A47B6-7A1E-406C-AE8C-306550117FFF,TU Dresden,https://ror.org/042aqky30
96D21B95-725A-4F9D-9BB3-0BAFD7BD80BA,Ugra National Park,https://ror.org/052nhsv65
DF614091-B817-435D-B76B-57187CC2D125,UK Centre for Ecology & Hydrology,https://ror.org/00pggkr55
E5B53E2A-690A-451A-A3D3-8F09A4931A71,UK Polar Network,https://ror.org/049czkm07
5807F429-7BF0-4E42-917E-D4ADF5399E7B,UKRI,https://ror.org/001aqnf71
07BE918F-6FCD-4DB8-B61E-BC975CEB3AD3,UK Space Agency,https://ror.org/051sgbe98
20E85FAD-C64C-49D4-A392-CD06CB685BD5,Umea University,https://ror.org/05kb8h459
7DDEA9C1-3738-4E5C-B326-8620CF5DDD81,Umeå University,https://ror.org/05kb8h459
2F134E4C-E4A6-4F26-A2F1-CADEC25EC245,United Kingdom Antarctic Heritage Trust,https://ror.org/03c388s57
96842936-FD8D-4EDC-B89B-17248FABB114,United Kingdom Space Agency,https://ror.org/051sgbe98
F2B1133D-5EFD-4E84-A869-3E896C949297,United Nations,https://ror.org/006kxhp52
911CA101-90D5-425D-BCDE-72EE3E1C08F9,"United Nations Educational, Scientific and Cultural Organization",https://ror.org/04h4z8k05
F21D3DDF-53E5-4348-9B0E-516773A3AFFF,United States Geological Survey,https://ror.org/035a68863
6DE36B3E-65CE-4A57-8480-68FA92453E1D,United States Naval Research Laboratory,https://ror.org/04d23a975
B9C677D5-9CB8-4EC1-84B1-1FFDF7566849,Universidade Federal de Minas Gerais,https://ror.org/0176yjw32
BEAC0ED1-9D68-4E2C-852F-1E66AE852597,Universität Hamburg,https://ror.org/00g30e956
CB1D6C86-07F7-4CDA-BD6C-4B8003A443F3,Universität Innsbruck,https://ror.org/054pv6659
44A77BBB-A6F4-490F-BA40-5CB1685A7AB9,Université Catholique de Louvain,https://ror.org/02495e989
7CADB35D-F34B-42CA-AE7D-AFC11A2CDCCB,Université Catholique de Louvain,https://ror.org/02495e989
CC6C3A70-605F-43EB-BFD5-2110D9FA31D9,Université du Québec à Rimouski,https://ror.org/049jtt335
E0CC9FE5-8E22-48E7-A4F0-302B9CD7149F,Université du Québec à Trois-Rivières,https://ror.org/02xrw9r68
739B1D94-2860-45C3-B4AA-BE432E04A3AB,Université Laval,https://ror.org/04sjchr03
1A9F1085-E46C-4596-857F-4B9F2E6B3FF8,University Centre in Svalbard,https://ror.org/03cyjf656
942F130E-88A3-4321-96C9-DDECA7268C5F,University Centre in Svalbard,https://ror.org/03cyjf656
8934133A-B52F-4A87-8FA8-4EAA37543ED6,University College Dublin,https://ror.org/05m7pjf47
E7BE255A-5E4B-4E40-9A39-F1458486B92F,University College London,https://ror.org/02jx3x895
42071096-BAA9-4D10-8EF9-0173360DC723,University College London,https://ror.org/02jx3x895
B7511C32-3F4D-4886-986D-1B550BA91AFB,University Libre Bruxelles,https://ror.org/01r9htc13
B1B08A96-2C79-439C-9685-12880FC7A690,University Libre Bruxelles,https://ror.org/01r9htc13
4240E98A-DD72-4426-9E1A-976004E82C1B,University of Aberdeen,https://ror.org/016476m91
E22148EF-AA07-46B2-AE25-5A3C12BA0857,UNIVERSITY OF ABERDEEN,https://ror.org/016476m91
6AF501A7-D1BF-4371-B87A-181BCC34EB93,University of Adelaide,https://ror.org/00892tw58
93E92BD8-4E76-4BCA-A930-5D0F8A54551B,University of Alabama,https://ror.org/03xrrjk67
DB0F32F8-CCBF-44A9-8ADA-1206AA9BF5DC,University of Alaska,https://ror.org/02y8nb297
B8978B15-8C6B-4652-9966-43E2CD4AD1C0,University of Alaska Fairbanks,https://ror.org/01j7nq853
121A3675-62B7-4B70-8DCA-43868A40000A,University of Alaska Southeast,https://ror.org/02y8nb297
3BE5C91E-2749-45BD-BB74-4911FC6EA153,University of Alberta,https://ror.org/0160cpw27
6FE52E9E-7CBF-4CE5-9471-07B0E6F15D39,University of Alberta,https://ror.org/0160cpw27
0E874C79-45C9-4CE3-807F-5431DADFDA17,University of Alcalá,https://ror.org/04pmn0e78
0739F8C5-59EC-435D-9675-A4A4566B0802,University of Aveiro,https://ror.org/00nt41z93
5A199D1E-A580-4E50-8F18-A1C8CF2F85D6,University of Bath,https://ror.org/002h8g185
F1C4ED52-EE5B-44D9-8A6A-D1169B28D266,University of Bergen,https://ror.org/03zga2b32
325758B8-7634-492E-A98B-581F5C98D348,University of Bergen,https://ror.org/03zga2b32
C8510569-6A0E-4D31-ACBA-E7649CDBD1A5,University of Bern,https://ror.org/02k7v4d05
47AC5C0C-6553-4E0E-B591-65899B6059E4,UNIVERSITY OF BIRMINGHAM,https://ror.org/03angcq70
6BE9EFE8-67BC-4376-9142-6AE1A9AA6498,University of Birmingham,https://ror.org/03angcq70
7CB1C129-5659-4903-AD02-F143B3E7AD93,University of Bonn,https://ror.org/041nas322
1E964BF7-D8C3-467D-B2A8-1BF090CA7FAB,UNIVERSITY OF BOTSWANA,https://ror.org/01encsj80
821E4F5C-D49B-497E-9DF3-3265F02300FD,University of Bremen,https://ror.org/04ers2y35
60820EF0-97E3-4EC0-95D6-68FEA4E6E640,University of Bremen,https://ror.org/04ers2y35
25335D80-2025-4154-989F-37646A6EFBE1,University of Bristol,https://ror.org/0524sp257
3AFC4E80-1071-4043-B55D-5DC3BFBAFCA2,University of Bristol,https://ror.org/0524sp257
C743FF2E-5D56-4FF4-A04A-482644931692,UNIVERSITY OF BRITISH COLUMBIA,https://ror.org/03rmrcq20
9978CCE3-00F2-471A-B892-66AC0C6CCEC6,University of British Columbia,https://ror.org/03rmrcq20
6B3B49BB-4EA0-43BC-A3AC-4D754FC777C4,University of Calgary,https://ror.org/03yjb2x39
C318E0B9-8FC8-4AEE-8B47-3B0FBDF11987,University of Calgary,https://ror.org/03yjb2x39
097CEDE1-A4F3-4BF1-82F6-05982DB092E5,"University of California Davis",https://ror.org/05rrcem69
DBCAB250-10CF-463A-B43F-B566141D9516,"University of California Irvine",https://ror.org/04gyf1771
4945036A-90E9-492F-95C9-C517BEF7F7C5,"University of California Merced",https://ror.org/00d9ah105
6FCBD805-5F34-4D61-AE88-B398B1BAA3EF,"University of California San Diego",https://ror.org/0168r3w48
387FA04D-FBE2-4C3F-8A2B-912C5D0129E4,"University of California San Diego",https://ror.org/0168r3w48
8C59383D-467C-4A3E-AF65-4B3F82FD1E27,University of Cambridge,https://ror.org/013meh722
A7511831-607B-4196-A226-870292A6A98D,UNIVERSITY OF CAMBRIDGE,https://ror.org/013meh722
3591F304-C2FA-404E-9DFD-20810B8BD1D2,University of Cantabria,https://ror.org/046ffzj20
8701C433-B463-4F07-B7E2-85C8BB789931,University of Cape Town,https://ror.org/03p74gp79
0B066D7D-65D9-4542-8CCF-CD092BE524F5,University of Colorado Boulder,https://ror.org/02ttsq026
EF9EE5C5-2204-40A8-B994-0E7E07E07443,University of Colorado Boulder,https://ror.org/02ttsq026
08FDACAC-211C-431D-874D-22CDA83B68AC,University of Connecticut,https://ror.org/02der9h97
60209DE1-5DCA-4C32-B008-76C318794EF1,University of Copenhagen,https://ror.org/035b05819
67745246-9DF3-4C89-B743-B8B49E9DB564,University of Delaware,https://ror.org/01sbq1a82
64C80B7D-0C45-4C92-B4B2-84216E70EA89,University of Denver,https://ror.org/04w7skc03
B4A513E1-7397-4B81-B6D9-F640147686F6,University of Dundee,https://ror.org/03h2bxq36
D8221B16-0433-4282-BAA8-6447A1BA1F81,UNIVERSITY OF DUNDEE,https://ror.org/03h2bxq36
C131DAC0-7FB4-4E59-B253-C6557AC44486,University of East Anglia,https://ror.org/026k5mg93
74616D60-16E3-4F36-8F81-E6F03F0A308A,University of East Anglia,https://ror.org/026k5mg93
0901A29D-57C4-4B57-9277-DFFE89A08074,University of Eastern Finland,https://ror.org/00cyydd11
A4735E0B-ED6E-4FC5-9497-CFE564317F54,University of Edinburgh,https://ror.org/01nrxwf90
8B595132-049C-4500-A9B6-EE31F57B1B88,UNIVERSITY OF EDINBURGH,https://ror.org/01nrxwf90
09E8DBA6-A48F-43C3-AB86-C73A2666B10E,University of Essex,https://ror.org/02nkf1q06
01F2924C-FFB4-481B-B8F0-31234D33F0FA,UNIVERSITY OF EXETER,https://ror.org/03yghzc09
BCEF4DDE-7EBB-4D97-9C5B-9F277C1FEE13,UNIVERSITY OF EXETER,https://ror.org/03yghzc09
AEFFDBBA-4B3A-4CFD-B11E-329491F925BB,University of Florence,https://ror.org/04jr1s763
32FF2709-F690-4FDB-B6DF-81D32D74B600,University of Florida,https://ror.org/02y3ad647
F1BE053D-0EFA-4961-B64B-484629B79903,University of Fribourg,https://ror.org/022fs9h90
1CFA108F-E12C-468F-9ACF-99D7C2ABECC4,University of Genoa,https://ror.org/0107c5v14
F4A4B01F-8D6F-4E89-888A-0D69DCC0EF6D,UNIVERSITY OF GHANA,https://ror.org/01r22mr83
69725A03-CA58-4095-BE3F-258AE6B86E05,University of Giessen,https://ror.org/033eqas34
A582A3F3-3912-4FCA-B599-3E1E8432BFC7,UNIVERSITY OF GLASGOW,https://ror.org/00vtgdb53
595A5FEA-6A63-4445-BD0B-7CA0CC2EE7DF,University of Glasgow,https://ror.org/00vtgdb53
180985C9-F032-4B69-85C9-EA20759086A8,University of Gothenburg,https://ror.org/01tm6cn81
507D03E5-28EA-4B64-BF56-1B7CDEC038DF,University of Groningen,https://ror.org/012p63287
1D474FC3-375E-4B04-8C3F-AB0BE56A612D,University of Groningen,https://ror.org/012p63287
C2D75879-3B00-400C-80E4-2E1B5FF1B7D4,University of Guelph,https://ror.org/01r7awg59
56B42B2A-C6F6-4CB1-A7A5-97F347A56A6E,University of Hawai'i at Manoa,https://ror.org/01wspgy28
3E2EABEB-32E1-417D-9DB8-054FCCA25B94,University of Hawaii at Manoa,https://ror.org/01wspgy28
254E8EB7-277C-4FE8-819D-67477738E464,University of Helsinki,https://ror.org/040af2s02
03C57996-D01A-400E-A7FB-2B547C52676A,University of Huddersfield,https://ror.org/05t1h8f27
39AD93A1-947A-4F8B-B48D-3C350B2FBB7A,University of Hull,https://ror.org/04nkhwh30
4E01B7D2-CF47-4E7F-8034-64787323FE1D,University of Iceland,https://ror.org/01db6h964
F52A3731-0A4B-4DFC-ACE9-6D8770DB788E,University of Iowa,https://ror.org/036jqmy94
260FE011-7463-4616-AFE4-04DF3CEE35A5,University of Lapland,https://ror.org/05jzt8766
DD4DBFF9-FB0C-42F1-9872-A13746E66192,University of Laval,https://ror.org/04sjchr03
CA799973-1F1B-4936-B99A-9970F567FE67,University of Leeds,https://ror.org/024mrxd33
35A26D4C-4EC6-44FC-9318-10DFA04567F3,UNIVERSITY OF LEEDS,https://ror.org/024mrxd33
F9431CE1-F5FE-4418-A853-61549E962D88,University of Leicester,https://ror.org/04h699437
F9B32725-514F-463B-94D6-4A84001F8249,UNIVERSITY OF LEICESTER,https://ror.org/04h699437
83E09386-985C-4859-A588-C3672AF41E38,University of Liege,https://ror.org/00afp2z80
A39C0DAD-A3E2-45CA-B60F-69B8E5482BB1,University of Liège,https://ror.org/00afp2z80
441A0C78-8EA3-4B4A-A604-5ABC8DB177D5,UNIVERSITY OF LINCOLN,https://ror.org/03yeq9x20
CEE95FB7-5BDC-45F3-BE91-A6528B7AD96A,University of Lincoln,https://ror.org/03yeq9x20
CE1E540C-192A-4906-A744-796BA2B220A8,University of Liverpool,https://ror.org/04xs57h96
B5C86DB8-4736-48A8-87D1-F9EB2A9CDE39,UNIVERSITY OF LIVERPOOL,https://ror.org/04xs57h96
BDFEBC9A-F2A6-4D58-9440-8482180BEA69,University of Manchester,https://ror.org/027m9bs27
EFB3D9FC-53A7-4A6D-8DBF-C598710ADD35,University of Manitoba,https://ror.org/02gfys938
6435E0DD-11F0-411C-8DD9-4749335DD7F5,University of Manitoba,https://ror.org/02gfys938
25266DDC-FC33-4108-9EBB-28FF61B3B86E,"University of Maryland, College Park",https://ror.org/047s2c258
595E5B58-295A-46CF-8F8F-AD2CA8562AFF,University of Massachusetts Amherst,https://ror.org/0072zz521
C2B914F0-E4A5-42D1-802D-99D979EFDBFA,University of Michigan,https://ror.org/00jmfr291
6B6257A5-3395-45E1-AE37-ADB2E2B96393,University of Michigan–Ann Arbor,https://ror.org/00jmfr291
6F628A84-6803-4F51-B3A3-0347D66C678A,University of Milano-Bicocca,https://ror.org/01ynf4891
D7CAA096-18E3-49D2-B273-0CAD8AFC3F19,University of Montana,https://ror.org/0078xmk34
418A876F-921C-4C08-901B-0A2E3A499720,University of Montpellier,https://ror.org/051escj72
8F632831-0617-4CCA-938C-C35CEF65FE88,University of Montreal,https://ror.org/0161xgx34
19FF1A6E-5906-4770-87DD-1193B79B4C3C,University of Nairobi,https://ror.org/02y9nww90
8A3C1E06-0A20-44EA-AA13-0EF8FF85679A,University of Nantes,https://ror.org/03gnr7b55
D82576A1-5EFD-4F4C-8CEF-CBFE7C499EC9,University of New Brunswick,https://ror.org/05nkf0n29
D3F69202-5A13-4C84-8751-179700710D5D,University of New Hampshire,https://ror.org/04pvpk743
411FC677-E420-46F2-B7A2-346ECED37574,University of Nottingham,https://ror.org/01ee9ar58
4AE23921-1353-4E68-BC05-5A2E5ECC7148,University of Oklahoma,https://ror.org/02aqsxs83
63E25125-7E68-4A47-AFCA-ABE473606634,University of Oslo,https://ror.org/01xtthb56
E44B6167-B64B-4F6B-A3DD-40A85146186F,University of Oslo,https://ror.org/01xtthb56
3E40D09D-4BB1-47BA-96AC-91539A5FF67B,University of Ottawa,https://ror.org/03c4mmv16
71EBAA88-85C8-41CA-8FF6-F9EAE627F66D,University of Oulu,https://ror.org/03yj89h83
47649064-FCD1-4D7A-A5AA-31B69B9BDFFC,University of Oxford,https://ror.org/052gg0110
FE0AD965-17C1-4602-BF76-D6CDC97A387F,UNIVERSITY OF OXFORD,https://ror.org/052gg0110
E8DAAB4B-C1B6-473F-9586-CBD99DD6501B,University of Pisa,https://ror.org/03ad39j10
820CE2A4-EB2D-4E0D-83DB-4125FCB7B023,University of Plymouth,https://ror.org/008n7pv89
499E327C-2609-47FF-AA31-390536E3BD60,University of Portsmouth,https://ror.org/03ykbk197
DB10D899-E646-4330-8FF6-2B9654CBF0B5,University of Quebec at Montreal,https://ror.org/002rjbv21
D7240178-6B57-4D3D-9B80-F92BB9EEC4DF,University of Quebec at Trois-Rivieres,https://ror.org/02xrw9r68
00E65D07-8FB8-4E25-8177-E0A889981CEE,University of Reading,https://ror.org/05v62cm79
47CCC3E3-E4FA-4918-AC76-AF09ADAD3FED,UNIVERSITY OF READING,https://ror.org/05v62cm79
1BB3B4DA-9C0D-4BAF-9B74-1B795B0E454D,University of Rhode Island,https://ror.org/013ckk937
526A1322-E859-4BD1-9B69-E5A7D5105CAE,University of Salamanca,https://ror.org/02f40zc51
85582A20-79C5-433C-9DA5-562BE2537003,University of Saskatchewan,https://ror.org/010x8gc63
074A2A54-B14B-46AF-80E1-D1024F02ED46,University of Sheffield,https://ror.org/05krs5044
085DB92F-96C1-4DCA-AA03-1A1A2E33C128,University of Sheffield,https://ror.org/05krs5044
64EDCEB7-556D-4890-9582-FD894F98C10D,University of Southampton,https://ror.org/01ryk1543
189F1BDE-BC7C-437B-AC3C-AA4AC0B677F0,UNIVERSITY OF SOUTHAMPTON,https://ror.org/01ryk1543
09D41C19-6E04-4937-902C-C3CD52E0683F,University of St Andrews,https://ror.org/02wn5qz54
16872980-22C8-4BC0-8481-1387BC9A72BB,University of St Andrews,https://ror.org/02wn5qz54
55B05662-459D-43FB-B005-51DBDE1F3ECD,University of Stirling,https://ror.org/045wgfr59
082A9650-7EEB-41E5-9DC2-0C3B592C6FB1,University of Stirling,https://ror.org/045wgfr59
562804F3-F71E-459D-9769-23A632545BC0,University of Strathclyde,https://ror.org/00n3w3b69
203BAE42-A7DC-422C-AB41-5178A96D9BAF,University of Sussex,https://ror.org/00ayhx656
C0FCFABB-4DA8-4A1A-B179-16A216A943C2,University of Sussex,https://ror.org/00ayhx656
41B24E31-8B07-44CB-A552-B9CDEC21ED84,University of Texas at Austin,https://ror.org/00hj54h04
D65E679A-D6D3-49E5-BCA9-2FAABD5D86EE,University of the Highlands and Islands,https://ror.org/02s08xt61
8F2FC7C7-06BB-49C0-8463-8DFDEC987038,University of the West of England,https://ror.org/02nwg5t34
B861C691-46C8-4677-8D89-75575418E0D9,University of Tokyo,https://ror.org/05sj3n476
EA1F5ACC-B4C4-4D62-BAD3-EA716DD65F5C,University of Toronto,https://ror.org/03dbr7087
4616CB03-AC6A-4A94-BB14-3825E406DB0F,University of Toulouse,https://ror.org/00s4cve39
83E4C286-99C3-4BBC-864A-7DD962D3942C,University of Trier,https://ror.org/02778hg05
4F464D7C-DDA2-4504-AB02-1B083E2E8ED4,University of Tromso,https://ror.org/04qc03j14
213D34E2-2D45-447F-B173-E6BE647432BD,University of Tromsø - The Arctic University of Norway,https://ror.org/00wge5k78
4F8BD96C-4A76-49DE-8C25-D6B666F930BA,University of Ulster,https://ror.org/01yp9g959
62BF8761-C1A1-4A32-B5E6-2C9DA2F729C1,University of Utah,https://ror.org/03r0ha626
8845124E-8FE6-48A2-9DB8-5ABADE7EA5FF,University of Victoria,https://ror.org/04s5mat29
F58926BC-5D4F-4B37-85CD-7B3178B175C1,University of Vienna,https://ror.org/03prydq77
67A6BA65-E85D-4F6B-A1F0-DA031C2469B3,University of Warwick,https://ror.org/01a77tt86
FC7E22A2-C040-41AD-A3E6-00C702D74F59,University of Warwick,https://ror.org/01a77tt86
F075A3BC-10BE-4ADC-90CF-A313D6B7C30F,University of Washington,https://ror.org/00cvxb145
F70779E3-27DE-41E2-BD9E-123DB46C7012,University of Washington,https://ror.org/00cvxb145
8D749355-2F1B-40AB-A3C2-2C357DA668FD,University of Washington Applied Physics Laboratory,https://ror.org/03d17d270
35295D68-3582-4242-900B-CC7454FFE2E3,University of Waterloo,https://ror.org/01aff2v68
D66AC8CE-DC6E-47A1-A34F-0AD4FB625B23,University of Wisconsin–Madison,https://ror.org/01y2jtd41
2DD8ADBE-564C-4D42-AEAC-8C7E01D2B254,University of Wollongong,https://ror.org/00jtmb277
3DA356BE-859F-488E-8868-1004348DCA14,University of Wyoming,https://ror.org/01485tq96
7FF630E0-3355-4076-9E47-528D4B0DBCB3,University of York,https://ror.org/04m01e293
A63C801D-305F-4949-8300-249AD38D10C6,University of Zurich,https://ror.org/02crff812
BBF5E3B7-3B1F-498E-86D0-E8CFE0189EC7,University of Zurich,https://ror.org/02crff812
AD5630E1-0AC3-4517-9526-B044195F296C,UNSW Sydney,https://ror.org/03r8z3t63
4D6476B2-94CB-42F1-BB9A-2C27DC97588A,Ural Federal University,https://ror.org/00hs7dr46
C3F21E7B-0C4E-4990-B472-8ECC27513906,US Climate Variability and Predictability,https://ror.org/01z1bz177
74D5785F-F5D5-493B-ACCD-207B3D23242B,US National Park Service,https://ror.org/044zqqy65
A934F46B-9489-46F4-9121-E586BE4F768B,Utrecht University,https://ror.org/04pp8hn57
8F1C9D58-E049-4633-861C-3AD8A055FBB8,Utrecht University,https://ror.org/04pp8hn57
2FC281C6-F857-49DF-8181-7531694A009A,V.I. Vernadsky Institute of Geochemistry and Analytical Chemistry,https://ror.org/053pwmv60
E96215F4-482E-4A0A-8909-9FE93F94800E,Vietnam Environmental Agency,https://ror.org/05eagfs92
F16B8B1D-425C-41CD-84E0-92CE1A3AB01E,Vinogradov Institute of Geochemistry,https://ror.org/01gqnz112
6D9360CA-98DA-4031-A3C3-A2D24AEECA97,VU Amsterdam,https://ror.org/008xxew50
C4A7369F-CC7F-4BE0-A54F-F303FFAB3E37,Vyatka State University of Humanities,https://ror.org/008rrb089
7533CE5E-ABC8-4198-97F7-63BBE21E2E84,Wardell Armstrong,https://ror.org/03cgz8503
983A320E-729A-497B-AB00-44E84892B9CC,Washington State University,https://ror.org/05dk0ce17
EFD39814-127C-4622-9785-D2005305F38A,Washington University in St. Louis,https://ror.org/01yc7t268
62C2163B-8A7F-44FE-B06E-80C22A738FF4,"Water Resources, Department of Indian Affairs and Northern Development",https://ror.org/02xbecd21
CBB0F050-99E9-4CB1-84A3-FE57EBBA2139,Western University,https://ror.org/02grkyz14
A7CADC59-B050-420A-A407-AE073371458E,Westfjords Natural History Institute,https://ror.org/039zvsn29
2CDC031E-13AE-4CFA-89EF-EE97F99E054D,Wild Trout Trust,https://ror.org/042tf3y40
9E19CCC8-2158-412E-B615-F163E777762D,Wildlife Conservation Society Canada,https://ror.org/01esc3z41
14EF8B3E-4B8D-41A1-8DA2-05EA8C099876,Wildlife Trusts,https://ror.org/0491c4v30
A798359F-6B3E-4823-AE5D-6EECB1F4C639,Wilfrid Laurier University,https://ror.org/00fn7gb05
1ABE6DE6-9054-4CA5-A572-E62AB0F1AA13,Wilfrid Laurier University,https://ror.org/00fn7gb05
C3D2F446-E649-4439-85F4-9CA652C80EFA,Willis Group,https://ror.org/00am3vk94
CC82145A-B5EE-4005-B094-48080CF75A4A,Willis Towers Watson,https://ror.org/03nqny130
A56A14FF-FC3C-47EC-89BF-357D05DDD0ED,Woods Hole Oceanographic Institution,https://ror.org/03zbnzt98
C27B052F-306D-4284-8B36-72131803EEEF,Woods Hole Research Center,https://ror.org/04cvvej54
B0719A57-94E7-4850-B6E6-B90951D79B2A,World Climate Research Programme,https://ror.org/04frnva71
ED56D5B5-804E-4745-B839-E6D89566398A,World Energy and Meteorology Council,https://ror.org/00k7xg884
037EDEA5-A69D-4FAF-B7E1-3FFAD55BE721,Xiamen University,https://ror.org/00mcjh785
49D065F9-EC1C-4E07-AA42-09439AD2D20B,Yale University,https://ror.org/03v76x132
F072DBCC-5A19-49DB-8AF4-3EE274913F00,Yukon University,https://ror.org/040w4gz36
A673F3AA-CD0F-4B4B-ACAE-88BB139CC7F6,Zhejiang University,https://ror.org/00a2xv884
